pitch,a,h,T
1.3738043090031424,0.6585293712157961,1.43674440149627,0.5236652979386739
2.871857196665782,0.5288770930752963,3.4346453053188055,0.7886377466776683
2.303184248709653,0.3476220930290622,5.288496680907887,0.653149568791747
1.956512058912295,0.751036015765559,4.500459363893543,0.5554193956671191
0.8056484651503351,0.6477849380431034,4.9167424280241185,0.8081878314211005
0.8055857528741269,0.23009355147591304,4.089186853580017,0.8777792912763083
0.5510173916373187,0.828741747595074,4.276748761299974,0.7260674172959273
2.6520579790148315,0.7580297943385352,5.155495648765788,0.786256567646172
1.962899030532343,0.8598399306335393,1.7981408496114413,0.7623302797874815
2.240988702269718,0.680575606710688,3.140779796401586,0.742916944263661
0.45351968516908636,0.5907321567486319,1.6387728741897725,0.7496137368425445
2.9217656156211853,0.4345944290324951,5.930940844781223,0.7300586833823366
2.5643508660810963,0.8461827866832107,5.6867323022450345,0.7521867023878188
0.9520816877635181,0.7928511116003267,0.620790143663633,0.5919892867034283
0.8727449147384616,0.13617493608495154,4.351220966087856,0.741013530399371
0.8768517256189279,0.1210935795978016,5.581390577527729,0.5613139650981126
1.1910298316947983,0.4011706935024397,1.411221932713068,0.5907890426828788
1.7643667222438184,0.7484426646254664,3.580493291094725,0.570515608672125
1.523057048469501,0.8898209034519556,5.526734466493035,0.7024746818442565
1.157195764514909,0.22033351288282255,0.5900974800804735,0.7213817171846358
1.9908175262781866,0.5753045722817082,4.305553496582303,0.5809025280817316
0.7626840376953088,0.4047126853048172,2.065154441286284,0.8200906595723021
1.1595760861915672,0.8759315182516826,5.5766186941085705,0.8050523924311528
1.3525407925635986,0.773695138508567,5.83792617292606,0.7349007570602853
1.5857819589642936,0.7706629637689103,5.68789233903523,0.7911350457265561
2.4414574996218352,0.47495452783597625,3.055599613281797,0.7629199235521497
0.9191518336117354,0.43185560187013217,5.2274388455401555,0.726554299809981
1.7370095398753902,0.318725657544565,5.129476631796394,0.6921039578287811
1.9402778790413104,0.1451003973207417,2.1869626501622315,0.5958837708806154
0.5207710730719941,0.7917779010040426,5.041926655243794,0.6932765584821311
1.97961661494374,0.750320807304062,0.6072427544067587,0.5642975482418047
0.843362721586958,0.8997741386289045,3.739111319499497,0.6038543075177405
0.5691341417617268,0.8973094696591243,1.6880494888111368,0.6755396832954037
2.8671023968586664,0.544345364482102,1.0751745603527612,0.6745698346356808
2.9106432859938542,0.7151899321444084,0.8309379291235712,0.5789932156842377
2.501833105102799,0.8558125839059424,4.2992171449175824,0.6851512915311957
1.1919957998507638,0.7797179125419292,2.3032997971011704,0.8333371325415945
0.6539474964165981,0.29787848139455814,4.458693920561064,0.732431514348373
2.179005868931608,0.4604353082480749,0.7659955084740773,0.6016532272125699
1.5443964837229633,0.203327532121196,2.165625891851418,0.6705476414885476
0.717299410596425,0.8632408218069779,3.421151237301888,0.6793496504738404
1.6874599662893024,0.584939707560704,4.828049723098196,0.7230038371739823
0.48941015489956785,0.2829142444027702,2.1850140164195913,0.692335084201536
2.764233045404833,0.6373605475246854,3.9049917080472505,0.6536180184510288
1.072827952160044,0.5945025923663166,5.361475390122648,0.8692514745043999
2.122557939320353,0.38653017442627247,3.8488338538209055,0.6424696775686127
1.2104487978324685,0.19084607375970322,1.704573058620349,0.6362900396919526
1.752176855062308,0.6372585564742397,0.5366443767166129,0.4941558340815295
1.8214467262925274,0.5162461607230346,5.272553693845207,0.7776165508189079
0.8806215843663703,0.7178547133885115,0.519108700762168,0.6677057939545444
2.920920032187852,0.5161308008895947,5.298329367031517,0.6719649231772403
2.415345340738898,0.7817452002548321,3.362047950552387,0.624550624016337
2.8426972480668917,0.5415254710195885,5.658779111672219,0.7147675459140611
2.726551111111887,0.548750377228309,4.873186120332527,0.7682458274194244
1.9545399449088214,0.801322882126676,5.98843101898669,0.7521279302477021
2.7968730110601037,0.42278629296991765,2.363986166529577,0.7973131198142785
0.6300805053349907,0.2072121827605126,4.696254418014311,0.6682630174450978
0.9095554422897776,0.12302614105067118,2.6508131162117556,0.6067762682824925
0.517590951167399,0.7041098045388953,3.087303473701889,0.6681953803945928
1.2458588599844873,0.5962476410827717,3.914030594022872,0.6202177493262029
1.410560953192653,0.6632638144793789,5.292591839443497,0.8189072334884321
1.1055074826121294,0.2703713292071286,5.910867427516052,0.6891818607153452
2.5547175237950164,0.20909718046941583,4.702331117641302,0.7328060013930848
1.3275586494033322,0.11163573253430555,2.739493980137069,0.6020964920593226
1.13042972518719,0.38047004704527765,2.759599212751593,0.7314770716023266
1.8110098162114463,0.5719341494837065,4.530460888897792,0.627105685447157
0.766402984934383,0.41379523607978586,1.7371520163024932,0.7238378474613535
2.485712149960503,0.44997993761898325,1.01865503353581,0.6242265499141124
0.5938316735674042,0.8233269555949988,2.3858840827883485,0.8108786687946683
2.965906035161345,0.3786043736186403,2.008538353262858,0.8190263487055647
2.407836400171309,0.5111915913278486,2.0593254745535443,0.7646376086868037
0.9166607719888483,0.7269224101929145,1.7082034058794955,0.6694506757799178
0.41435750452136627,0.4172342258570162,0.6357218619636266,0.6576654460937688
2.520199713982569,0.5976693601822988,0.5000940345071173,0.7321464261796298
2.2378290940038044,0.7898909669973961,5.931245382521777,0.7300906270452715
2.2954186369065672,0.8596164989261137,2.795529548920829,0.8204267392934095
2.405302901383459,0.21765878474323036,2.552229224094217,0.7262949094433143
0.592516094508635,0.8412701001291956,4.206024783081191,0.6263964729160029
1.332010894215109,0.49369303446363055,1.6222217720443592,0.7440485912852435
0.7012595547653373,0.3065955106391667,5.719782630121262,0.7770140356109865
2.644068907276543,0.4673086049906091,4.803532080727091,0.6930359356095159
2.0205751297516508,0.8840260602283817,0.9007016129486533,0.6393025177523862
1.260334864616888,0.4940944751942957,2.7384523443955984,0.7785509603129781
0.5652517107436614,0.36300128823000655,5.323062522348122,0.6735986013054159
1.208554036460722,0.6067206834533806,5.690499324831897,0.8398274835025265
1.2454766372695425,0.29211649502255443,3.0174484629992704,0.6336805912329289
2.2969760636789665,0.16069066248693115,3.835103779579963,0.8037727584704791
2.0576494255235542,0.20310377752851938,1.3353900981156213,0.7037711120381482
2.706753130698449,0.20243667116621797,5.950544306367068,0.6841246351457136
1.627758805421068,0.2215221548098355,1.697361527747283,0.599862555482676
0.7109450394395844,0.2110617381195281,5.679297935156704,0.6564007988208244
2.254436446779787,0.6126997958425717,4.038021234357263,0.5908889733295274
2.3780411264039336,0.24550406751931586,3.8033260513216107,0.6454443279333232
1.8593207136806904,0.37653382665909063,3.271055661692448,0.7036394236160629
2.4045146678818585,0.8174307279248095,1.6917509456194484,0.7802311997618918
1.683868550547416,0.4791693122102979,1.388556979230846,0.5874822313511999
1.7591053563931847,0.6340461908168218,1.634722770792982,0.808668516354461
1.5116066477322292,0.23785589696130388,1.4440542680078252,0.7395926352835644
0.4660897295346475,0.2538312150469366,4.765673051973819,0.6619092122553162
0.6805177101825917,0.1326948930131831,2.3607014513336884,0.5980723315063973
0.4817158827855091,0.23514805045773166,0.7239189887550197,0.7633082679106902
2.0546670692858293,0.32287227122556694,5.826974728788543,0.709899036147069
1.2173255507984493,0.24160838742139745,5.349200955795184,0.6632736748952994
1.7222837970282274,0.1709620270056445,5.595412785893193,0.5266630850650945
2.759672832207842,0.19650869688048067,5.9714838068200375,0.6843201661276854
1.048159795787075,0.4686230144261806,1.3738133956291287,0.5828951614927361
1.4669955998926372,0.26506697472463403,2.6189553058548887,0.6526222715486066
2.3644329602119267,0.39141588883846035,4.646135463942912,0.6478234883552342
0.9948752302782184,0.5027338166838855,4.2977154611012365,0.5631150699060172
0.6001477655548618,0.6523158629034922,1.2618170755031883,0.6968333838217236
1.153353777575797,0.13144971187287915,4.96866549994746,0.6835850485146132
0.8191753468604115,0.7395283191272342,1.6568672022852997,0.7517149857130183
2.81721389609069,0.6023203115927263,1.6533786430066892,0.6557763910472776
2.501112986867484,0.16540722555909754,3.4070567682031156,0.7251518768237121
2.0468497669271013,0.7988628992854218,3.7204636351135374,0.6535349506595566
2.6657975344880662,0.8366979204254505,3.6484827638917423,0.6678488767651668
2.4895473999376976,0.148862367883891,0.9123262894274273,0.9023743442215371
0.8850821531036932,0.321502118517763,5.31378083073013,0.7249673084678373
2.720653396073942,0.7449610238344491,1.887360238496754,0.7499628739372896
1.8022898289806921,0.6986077523069267,1.1252835591837034,0.5424037996119921
2.4993444034265626,0.24761681548510187,5.376989247266272,0.6686859802308435
2.7298373798010824,0.2674794586693683,5.751648390086619,0.6761988777523359
1.2268090349268461,0.39637768223310565,5.227914656686523,0.7999493767328205
0.6861350037719596,0.4876183881528171,4.933290018459317,0.78914986285913
0.9926314226090485,0.5946038172242368,4.0693550915785215,0.502229385625382
1.5104802504282664,0.39513091165581793,3.4848012754111797,0.5836022117725219
2.526838391398482,0.4700277729065183,0.8871258555038968,0.5287914257146494
2.637899516466493,0.6979767505070053,2.6873379931959125,0.7969533407367604
0.4180755393810959,0.12934656231247832,2.487055695268958,0.5822358634281539
1.7279429867016711,0.3019495554752166,1.8546211890578266,0.5858758133653955
1.4852686081868254,0.670679668707642,4.451152636656076,0.6222110479774982
0.9774803072238987,0.8161654701497595,3.1769041164411163,0.8177417327963961
0.7116499550675753,0.5093419536925329,0.8538588090828284,0.5925302035657937
1.2777994456494328,0.5256907882122526,1.6330259309189432,0.7626327510904221
2.85156523017255,0.18573760907182085,4.226249076493737,0.7323908912722821
1.2403276232539637,0.4579298934587638,0.8263328131456811,0.5708948544858886
1.7488556165327518,0.5260938131640186,5.166758718673105,0.8813637536907356
2.2278492931274623,0.2939764029077837,3.172820551278256,0.6864820194933319
1.3454369661861643,0.31539458475950477,3.0912848330292286,0.7134905602063986
2.9266334150744977,0.4018273304836981,3.717483594093298,0.6995441921675997
2.902362966849489,0.1160569582221811,5.018213409180835,0.6438373223645834
1.054633969145947,0.3576633324665427,2.347731564252281,0.7871354151451324
1.6928461153202021,0.2691584055972357,4.196890454330756,0.7292446489121247
1.182283605523601,0.3619978817423317,3.5680989983764295,0.6291802456674628
1.1405852853814158,0.195809705455401,1.8953583129487592,0.665532341130513
0.4959060631217853,0.812421824591916,5.320327923588885,0.7091000047027631
1.984867268347732,0.574873962843239,4.865585720998798,0.7546753832069544
1.7069654603950402,0.6432818553155917,4.087330274087183,0.5120227394198765
0.5338447532499724,0.7313369908858707,5.163257682927755,0.8237652937748016
1.12448080701519,0.4987537591432458,5.256847525374893,0.8512109091651321
2.7614913035132997,0.16953623046993896,4.366832669604195,0.7300458965463177
1.0228609157341282,0.5296852334548382,5.087274638836563,0.8433659577158407
0.77672666743718,0.5694728944167033,4.305840185347988,0.6720501316817701
1.672577176721664,0.696351579347464,4.208788321857682,0.5693350097689992
2.9626911806875618,0.44532763698374356,3.864223718005032,0.678984847333189
1.029343705929901,0.20206424223645103,4.615213181522791,0.6520043256628868
2.1475524232552843,0.3270207246389796,1.2881885896412126,0.6409740493022128
2.3802109998546657,0.39046583711890814,5.332876251514,0.733347135035172
1.0178576143802391,0.616733793065281,5.282323755373299,0.8239024351133897
2.293362506390835,0.5566226437351295,0.5637847849935312,0.5637406651843154
1.3562361450700584,0.38487738071827704,5.024573803162671,0.7423889251095491
2.043995159543307,0.8892121990343838,1.121671257851293,0.689833664942557
2.0471772479783263,0.5846198554855098,2.2766655838511944,0.8677913888871509
1.793014178594372,0.2897814333887956,4.563646235233004,0.7312776934521978
0.6347534021414616,0.181425978096323,1.300255417870526,0.7408522555446648
2.5717864885320187,0.22228731134746563,4.980615335066748,0.5767774808396448
1.2340281689265131,0.2967661827076065,5.0599513965633545,0.6425322923236255
0.8849481270396211,0.22854509860764455,3.2418193090606824,0.7055887190244214
0.5060153680423862,0.2492536192410446,0.43576088161426807,0.6631711150234058
1.9363216522894287,0.3280761349550777,2.0074135457795115,0.7399497960637873
2.1616673407899345,0.23869887623580388,3.854790742904156,0.8370909271207267
0.443128355212426,0.8174123397011401,5.894642596953571,0.7961363997008952
1.7314419515781307,0.1641869965293138,3.9381557512933427,0.823846707329147
0.9888890155146387,0.5196091116562037,1.8549000539592946,0.8514894161988025
2.0774492550645696,0.42831746159172923,3.9504319373578234,0.6130527639082471
0.8533527154129779,0.8859028935268851,3.4239181264087906,0.6606372698525389
2.1964381190664115,0.18963112173444188,4.767134212846404,0.6589988644030772
1.4055119003813972,0.4182844792365933,0.9990915774309671,0.5955741558578177
2.83549797071551,0.8755763466202952,4.661756254011357,0.6785909410153389
0.7575544547795825,0.7924057007151842,3.431092840586217,0.6572420000749051
1.2867725127306722,0.753657656759424,5.79275522161037,0.8372486449153833
0.6950311552255316,0.3063222616359519,2.314484129816642,0.6951521433766105
2.804203407524263,0.23671006991205268,3.9426826015501093,0.7468362113059005
2.681082318790551,0.6349145759395448,5.619357390856098,0.8457521821260069
1.0706482320594046,0.8435007913020687,0.9740544767478038,0.6699894084858798
2.1159585196888657,0.5454103144111438,5.648479528524127,0.7752243960331582
2.524777720523161,0.5572901515759199,4.252160044884555,0.48597596508647645
1.8435221101586023,0.3239832749282273,0.7798875309889627,0.7372594572069059
1.7770915037256168,0.7155943465535496,2.085395974902171,0.7836799918526272
1.0288159563411745,0.2496349988460187,4.365763696413577,0.7234765215111078
0.6420671962953379,0.35894338912339496,0.7771633682251216,0.6149024409934718
2.7327609706786498,0.4403491508931334,3.66015457698713,0.5695205978648994
2.741086948624659,0.506088302947564,2.3369451189365575,0.79088789369988
2.0460637889104967,0.2939277859320642,3.8771268994978714,0.755827094903238
1.2814774567266218,0.19186945979136283,0.656155389350072,0.7775579685432215
1.3079448939929184,0.5884960339533061,5.280606114453307,0.742182688628554
2.2874847650626227,0.33090444259220464,5.851538227393423,0.6822718833698733
2.7324866758767006,0.5649905771380899,5.825715989599872,0.7795073179159655
2.706424703089305,0.22349017221936185,4.598050257760378,0.6344253493473392
2.427676419229822,0.484912081483854,1.128482944731539,0.6327965436818342
2.0692822800011483,0.5260715460412687,4.646273897202526,0.6790356196788133
0.618763908987127,0.14145882945794153,0.5376867321692884,0.8065412762174348
0.8202346566459958,0.36928342255513646,0.5238918885623847,0.6714959496993678
2.736240890170406,0.2075317415511794,2.212217227237431,0.6129130143372634
1.976715555114934,0.1506999763782142,3.136401866266128,0.7584373947642321
0.4239123342032371,0.8919681859119563,4.714281539723642,0.6921513278764937
0.6638260114516835,0.3578830759797784,4.226454108996429,0.6765609298813238
2.1251045996809452,0.7478995566837079,2.8970551557097903,0.7193690794833107
0.4131601180001686,0.3037125238110111,1.9323093311773287,0.6750618804280593
0.8181009336854965,0.6452021777791435,5.983897200883183,0.7377160945628296
1.826707852353124,0.7081822879117493,2.7866152925214482,0.80754522763273
2.1989275140010025,0.5765109924862755,2.9277673362461822,0.8504608063606457
2.0950992747067616,0.47726095084012676,1.3162933986733474,0.5699772312552501
0.9831002045974555,0.4294727313178148,4.850933472999604,0.6441436230929837
2.2516659755035935,0.3790946132343963,4.284620464376336,0.7361334916750145
1.0168476274916802,0.8436233153982607,1.6363098316170581,0.7000761054283519
1.246039215214096,0.7644955262301834,0.8613338554487191,0.5209616079451423
2.3408776533068627,0.8720215285332101,4.210796091618393,0.7102256709414642
2.0890455375227583,0.1994377787884358,4.065262799974358,0.760418382348022
2.6079808672848626,0.6846939801629154,1.9302533511899722,0.8556521230921793
2.109793519980893,0.8506723654568303,5.724835948602298,0.8022407092243403
1.877602368672226,0.24498645293252813,1.2459241939730412,0.7147079746016066
0.6435543963530405,0.153197013893422,2.8210748858385704,0.7561420933131999
1.3560610879545272,0.6928965194320472,5.684249152938554,0.8422856851397327
1.0895261559724863,0.5595784905439295,2.750472974786285,0.8547567385934507
1.0343730727856173,0.7734630214066177,3.9757453069188786,0.5869845018237395
2.9298274423563586,0.21181790130103162,2.6265286285916476,0.7474388984853764
1.4220540841335771,0.7362138494879121,1.935605133152552,0.8911955191175782
2.7193210434604946,0.26130185603819567,5.910274828575038,0.6870709391978609
2.0409604275928834,0.23092475429256362,2.692270435364241,0.6059280462012733
2.466509389208286,0.23141263834479436,5.406955540603152,0.6735747499108218
1.7068564420734997,0.7516597761851057,1.6877457929900825,0.7035801077413683
1.899950100028534,0.6321577765569601,1.5933863425404664,0.8092157980099445
1.680546003929046,0.5184523398152955,0.5743508641532636,0.5521590095673664
0.9076317682749158,0.387064387298802,4.049334222104956,0.6272188155135496
2.278375499679914,0.8017604326504867,2.463747524853062,0.8052972692802373
1.1300081423462252,0.4139560859381083,5.240406199101968,0.7079852285772236
0.46322151272178,0.7532795515772617,3.04997547747272,0.6646264993891396
2.0782279693586365,0.4513079268561747,5.821883196322442,0.8482611747712889
0.8604877664583273,0.40155554353992606,1.4389428879374786,0.650428222644554
2.845192319317577,0.47014382853568515,5.264289740551421,0.6843353582305058
2.880214300206727,0.34110229933131364,4.748942375633754,0.72733964716163
2.7786474145731663,0.6980875041410008,4.717162330006691,0.7599222399211447
1.3624126206641556,0.5021763120739834,5.130786077454571,0.853282941617058
0.4401872029750553,0.2857701561174538,4.661734349280794,0.7510217077106832
2.813628262728086,0.8196596586196548,3.906833801135926,0.6250686878227578
1.5132787856250172,0.4071129770985692,1.1349713150213705,0.5604107640504195
2.913302529513541,0.5348422888911909,0.5821466051510107,0.737951451915238
2.9054119404320575,0.8251776887716376,5.556747947767846,0.7095865996462207
2.617824584215136,0.5993903967311937,3.853241761316133,0.5895483486671736
1.1655671193809227,0.19351843256669127,4.860608829466587,0.7359511927319955
1.4012540943650058,0.8518656988907801,3.09652516847028,0.735578599727151
2.6129553459438277,0.6021664424571342,1.056925858189409,0.6371721997355791
1.223997213406322,0.3679244917256689,1.1010404363342823,0.7679209154361627
0.8406811413838404,0.2114176581307098,4.2391656084822396,0.7272385205549151
1.8476832823917104,0.7352201514162368,2.809713011436991,0.8483835801855261
2.8340024128180303,0.5960582047428108,1.5229384695218857,0.6971387897296334
2.20967747135493,0.5267688735810573,3.1529294617520462,0.7102488324297692
1.8821590422323489,0.8151140664407661,0.7595700476207509,0.6633647194401677
0.6526588838039982,0.7308777689796246,3.659039850720633,0.6343918094755424
1.9990187894178413,0.22133990378620094,1.906363064836547,0.6762696263966014
2.9741400102710847,0.34937765423643863,4.866330963568254,0.7553950158207746
0.7642184396149625,0.2987913118515726,2.138026969972013,0.6721239910966385
1.7476570961457156,0.6951570340581416,2.9492328348580865,0.727840630902148
2.681169987012684,0.12682594778862352,0.46507502348536356,0.7051529973524702
2.325998406160932,0.5559117478970532,0.8057025716495297,0.4656075880663112
2.2122409265876968,0.7099669485925525,2.597963915877435,0.933026106810149
2.2264586183664843,0.8014125094093996,3.0876574744158916,0.6559040903923699
1.3346769931713633,0.373665398972726,3.7601150694681005,0.6350776675250407
1.1633387950876828,0.7570058437376103,2.033310440772098,0.8034857058709893
2.5043390042441356,0.1885053895641658,4.2918985623086385,0.7674968691150924
2.50629482616587,0.7771618333876146,5.216685424259546,0.8146547683094955
2.6543880283082695,0.20199092986558595,4.767165537802759,0.7375785600235641
2.7744254366468253,0.41782983244829386,0.6218654219508,0.6371611295218574
1.7294902370384384,0.7378362926236429,3.090838904643842,0.7087298011715819
1.7039423661867192,0.21993394187901905,0.9876089991417792,0.7968453825579392
2.4755674653136155,0.2834011161861132,1.755452088830154,0.6807323694372209
2.0899062200221894,0.677802054714453,5.92531052229602,0.8908450292380405
2.225113880870029,0.6760292292368595,1.197975040248474,0.6199336014570175
2.4690609405338626,0.6129181063082378,3.1937736593275936,0.7238030926417658
2.714013888725672,0.65515875557368,3.8616721121814668,0.6516563260373738
1.2787874078139931,0.534179554678077,4.333803835046982,0.6414220423731494
1.3765156768638545,0.30143924712556225,3.534032627526719,0.7178657555793102
0.6443530435862594,0.37655679480313553,0.4547167455474285,0.606057536800785
1.9035283665900522,0.24527817344114056,2.2281833261663544,0.6582409589706889
0.4934499118715294,0.8267604490669027,3.2991852029543836,0.6513732638280849
1.6105548471443965,0.5667134358128963,0.8920523952110668,0.48744903693974745
1.8108760502396994,0.42068113341091196,2.3635108147714123,0.8279514930274559
1.1450072555335395,0.4696046429153061,0.5859374092316527,0.6442064718321818
1.936166477479428,0.8578266716894523,0.8400395840681161,0.6247974186640639
0.47930064984152854,0.22268112249286418,2.6227703467289376,0.680364305604406
0.4971052907479575,0.5689838656134378,1.143208222641138,0.7162757563844461
2.5387614577151116,0.5047109431075728,3.578228750264725,0.6412044011655381
1.3364956676692836,0.5891633883477183,4.261003827168688,0.6802823218293934
0.7303573328949005,0.11448814705667242,4.883285515010864,0.690683240129381
1.7578324761424913,0.7976991271553212,1.5208413677709363,0.5989800916367265
2.4019832380563884,0.8456946259868899,1.3379024606507905,0.7094998688802675
0.9611346714917923,0.5521065468713672,0.9855799058726414,0.5788874798530279
2.0195152371294007,0.6573206591015138,3.9640093974443653,0.5866667178739297
0.6219034089837968,0.8379995049418366,4.356264068326646,0.6956646666691361
0.53437247503838,0.6657909074507189,0.5768824110235954,0.601576744688317
1.7815220420771847,0.2220312343314091,5.642788578964663,0.5554776348019459
1.8056513161862768,0.5610306881334506,0.6910391884482455,0.509203972561664
2.057317743895337,0.5853720371062847,3.431259477685994,0.5629086764336175
2.28783746767892,0.43930453704190886,4.370738908925132,0.6152297944668125
2.93721540660259,0.6891553884997783,5.27742709297808,0.7644562467619688
1.7423809055831079,0.8474936118152119,4.398886819941596,0.7306253560705256
1.2396868296472396,0.8404548103254211,4.8896772651908345,0.751797253468429
2.4674841063986297,0.4606714971233057,2.300921078239714,0.7231863545412507
1.1041638532813929,0.19059043667260422,4.963020636980469,0.6725095393171466
1.5413256938346538,0.8878729591698676,0.8486431397541807,0.7063566869315517
0.6039865914898915,0.7711184691567473,5.410973273938954,0.7540623830651307
0.46591193288018956,0.1997301449626135,3.4665173064609225,0.7227336884978958
2.9028858781626052,0.8366735060938979,4.976867511789965,0.712778166053013
2.573548313331735,0.7959170896497026,2.9329823933024803,0.6899219221255548
2.209532935843615,0.5150704457008577,4.00403509310054,0.5985107730115989
1.4632776554771016,0.5730203485959434,3.3478549012422336,0.6172588450502252
0.850565232184199,0.41920216309610425,4.496901321829859,0.6894879339884153
0.8067363109448238,0.14380931105762507,0.8571278993713016,0.7631656471141042
1.0506315352279478,0.3681577933167207,0.7379716703471573,0.6320458319870946
1.8279893282359132,0.7422827588784092,1.78377811045682,0.8034127576094814
2.2579493990201622,0.1037056184036823,1.2934502086338546,0.7520850242627232
2.1165131794661014,0.36679933735291537,5.28198797291633,0.8267462947833499
1.1278281320594514,0.4185349548727547,1.627598329205048,0.6902295280150412
2.8826497297243048,0.5299164823503383,5.864845432587136,0.7447451914528744
2.3185319834089984,0.8358844931302084,2.2866164339181982,0.8204187949285543
1.8413205365296417,0.37707679549276907,1.419860327856716,0.6113519894061742
1.990473940209316,0.3775625615169822,4.822311639997883,0.624376130616182
1.4909601623122537,0.6900009984877987,4.088763542804906,0.4436168718962649
1.0441005727030095,0.46177435271184575,3.189896012137578,0.7519079585246422
1.3255289644932802,0.2796838583519856,3.5100358852507347,0.6947696007905004
2.37039988720736,0.4619516129061547,4.427529958324677,0.7772674972633351
0.4374230704373653,0.2126856163038399,1.6793465514552728,0.662920872816062
0.7017888653179822,0.24110958920497866,5.979469929917755,0.6829051737741275
0.5196068692565572,0.49869421819158377,5.858841708021986,0.8365157765831748
0.5058948860293224,0.4351403596036384,4.041823843542846,0.7466360529590609
2.624197518428619,0.8318767208544801,1.5174377252032127,0.797540744791262
2.229510434388062,0.38991511929330647,4.209278157615231,0.7110101126052983
1.6328519556270455,0.5644706802224347,0.8043110902833848,0.5618093250602177
0.6543688176926039,0.6058114303356243,0.571654012352514,0.6195499930534671
1.6782012753037643,0.11047556527066692,1.8430241756627965,0.6512417503957769
1.6310266040294708,0.6308298976133685,2.990688557740171,0.7317776674017276
0.8503248617660395,0.24242877349580116,5.262326030286931,0.6120757761984297
1.52801428801873,0.8688562539755641,4.472146790691325,0.6665964994332637
1.4361123094331711,0.2189301822024904,4.559156518719894,0.7188966528909387
2.001210254935763,0.43169929898161896,2.7827626729092216,0.7436111442814427
2.0512434922558738,0.1682797344629151,2.3372359582629922,0.6167095119891726
0.5177904254073158,0.8974994014767579,2.477817072713775,0.7691907774743999
1.3739927980288251,0.5017560082649941,5.930837556921924,0.8068769058068019
2.0272357808570147,0.576308013856035,0.6246114719099018,0.6092804619954144
1.708154272308228,0.153661181910742,5.255376378285712,0.5168700660685415
2.626873587089638,0.6999683763193423,3.640582288005403,0.6128281952179775
2.112603442209257,0.2679244744764686,2.856246347461706,0.6429494623223794
0.8236295104117173,0.818443431552571,4.461442898324765,0.5656500773139645
0.5834787432411176,0.2641117123856057,3.1253460719783357,0.694979517866714
2.0702901233364206,0.25255017653093326,5.2911701332573,0.6451624883624892
0.46892940740821676,0.1292397342784759,5.443930438463048,0.7039282170153836
1.9230165113110047,0.4776535560879994,2.76163719049135,0.8258642151512561
2.84459862770489,0.5518729066100931,1.9502356645162888,0.6861588627542337
1.8962328624772855,0.1525669115426819,3.717161840122828,0.9178054484332379
1.409241808136957,0.7204220933560085,5.50923473545347,0.9378368357351203
2.0725493679501183,0.4626310677984221,1.5797082584317326,0.7312176189836643
1.591457515277943,0.519512215462064,3.888612867955503,0.5180902676970242
1.818603652221431,0.4526101975505825,3.936737232518115,0.5282961859682098
2.8478085028189652,0.42061044870026076,4.505432925525573,0.6695688741599619
1.4038668582820133,0.5477122650465743,1.136779036712655,0.6160046444000011
2.899095465942177,0.22419219674457003,4.408619802219696,0.8061499446359632
2.753911669085766,0.24554250439621692,5.49058211572759,0.7517306629753636
0.9090569504521708,0.7894284968108138,1.4062254096733549,0.6402283921482776
0.5803393822754302,0.8568923697069062,1.7302426195737146,0.6582865713016529
0.6620228035813094,0.39864745302380233,5.839812526633182,0.7461091912781818
0.4473767466940293,0.316595738514843,1.4134709351731427,0.611251836091538
0.6455516979654139,0.6151996345912126,5.184556522869643,0.8134272149598287
2.175817610882528,0.4269873368784771,3.1567559961089944,0.6899528848945116
0.5850904859965954,0.12030908452827589,1.7844940166577912,0.6389511788046083
1.2293366387637794,0.2249220778929523,5.276199447126064,0.5467981695722862
2.596675808520582,0.672777783077918,2.8937094280149265,0.7737826706258307
0.46050703291314726,0.6271391535281211,3.282977182006265,0.6485663319365315
2.517618054731233,0.1216767940027868,2.4117068686386878,0.5462080734448347
1.1328224144108399,0.27757772954635956,3.7205247680355935,0.5865621538119088
0.7072285518163063,0.28485983727045716,1.3157336864761273,0.7078864084367704
2.2115166299467917,0.6375141948789828,2.5900566052498597,0.9315741027810106
2.0352514016276984,0.11576843020349133,5.82870900507761,0.6649832567776073
2.6814272351703377,0.18328686558765908,1.8455472231263141,0.6489116145475375
2.311184713890103,0.7399328682985515,4.077725321431236,0.5502967310721347
2.4890504190006064,0.2428357296434669,2.2210643596582913,0.6825815317278693
1.1332898886853968,0.6221968862814997,4.7314495038449635,0.6569819138829447
0.8613428138272794,0.29054622483738124,1.132892500022759,0.7288179512634121
2.351598354266232,0.17955311420747613,5.83099785243985,0.6686920333439774
2.4977703220948864,0.2945377527995633,2.9412214317483794,0.7567594258436049
2.9753133692017504,0.6778135454845273,1.721882594740198,0.7045434029703181
1.4728059599697088,0.7845571744850286,0.8115817850480709,0.5486765619261671
1.3672470230612364,0.7641758916535933,1.3506442684902282,0.5911492664903603
2.418673697929192,0.4177468236947639,3.310734111913699,0.6369160204077613
1.2860892046578465,0.634468109256517,2.2872177880152034,0.8787113709767302
2.8199690465692684,0.26398743633265676,5.041746848942613,0.7087620336628898
2.6318731547918306,0.33451818420881063,2.812970132506113,0.7517376784842537
1.515384471175048,0.8170686548168958,1.7927999264907273,0.7101731633405574
2.3522647762578934,0.11040153880858883,3.856011924982568,0.8943071921103936
2.361811472620174,0.16840682468357449,4.357952414558496,0.7474070764213782
0.6681220589734248,0.2663090041168219,1.3354346842453193,0.7122481475779138
2.7466375573668733,0.12122576309905578,1.338667611214579,0.6909578612568487
1.7136561683644285,0.24514834807183786,0.6053599908278406,0.6414542625219191
2.5487894118801284,0.5664332487757537,4.523851284367587,0.7050140542776958
1.2321289626795906,0.43713964047399834,4.117305354682109,0.6358083396421528
2.7283603940901213,0.81413736886158,3.0579329041989576,0.6939396821339944
1.411924364708824,0.7539548493907527,5.127354514227504,0.821249958189592
0.42817789384877575,0.3734538813583008,4.911752856520298,0.7352161487105587
2.7539931386900856,0.307538746745034,3.677984440621812,0.624070693755132
0.6373453596439473,0.4037539265338136,5.262319170874249,0.7194851055208772
1.2302154577350786,0.5722359540118462,1.552710776205902,0.7331622998883648
2.8701611143320926,0.31445091265830105,1.026749868627276,0.6372162692294736
2.871578582037646,0.5993191262793073,1.9105978244951416,0.7478550618380015
1.8909385091205442,0.4275293217529924,0.7196863941001632,0.5311111627680479
2.0427767516414783,0.5416377446815842,3.374549356805779,0.6506957515266826
1.5659583571436313,0.4489012233082533,5.644991876851784,0.8176256969712575
1.1623480064149678,0.33557260763353414,0.620323827743654,0.6006883783753771
1.2545278179617816,0.8587626455697254,1.08381551845615,0.6943337344469885
2.1485479858003,0.7108846353278087,2.932314558387237,0.7256443610369055
2.3561737765379682,0.21209054061316204,5.629700098156268,0.5927951522740335
2.4581055136872063,0.7947743807183303,2.170474187869803,0.789254521523347
2.45300717126584,0.48994495859961096,3.2405149286549975,0.7381957385339912
0.637135867926595,0.8156417815152731,0.6328080106821957,0.5819692000975439
1.6854927922267118,0.7398842047578522,1.2307219253876975,0.5970710813406244
0.5496527760432752,0.44017080357538674,5.925128688569543,0.7618508293540606
1.8287750940417125,0.11797544665609393,5.804664700041855,0.6032830093224928
1.5479793035707803,0.3149418875079569,0.4276638932326939,0.7082315208097344
2.7080308751715796,0.5333073717286936,5.730145998370138,0.7484419454332675
1.3123790326354046,0.6067825758609178,3.9790716517668017,0.4674231911936495
0.7043742427117753,0.30631014834656184,5.260342449312124,0.6997880433458809
0.7717783733373733,0.21148485925825933,2.9465431915496105,0.6203430698584422
2.379927642465428,0.7679441894394393,3.287337760043801,0.5235466654292629
2.0073669646222787,0.8875217445628417,3.1375408494387527,0.7222264987590982
0.6629189579192547,0.5205521458421487,4.1344398422581845,0.6485157653675558
0.6186776958989934,0.2373434286786428,1.1820470266353522,0.6123424390776302
2.222519741793712,0.3178458612154952,0.5678521032869965,0.6468557022233691
0.5891838165469032,0.11471254123797339,2.124407672910669,0.6474583333639125
2.5368361541549262,0.8314390452483992,4.346212271325221,0.762798478261381
2.2362297906068904,0.19420086631211292,1.5303793318885108,0.7082105834523748
0.6115068296689394,0.5612131804114029,4.171221626619537,0.5678610190978031
0.620578056621499,0.3192441765497648,5.831507458200715,0.6931773050693756
2.965262904103056,0.5433424020126347,0.925844008420743,0.7380323996182987
1.3731040689659129,0.6211363106814913,4.166571862060707,0.49379448374981444
1.3636695823739164,0.7637934429657613,2.8850012281055983,0.7349171199078166
2.5132788748695067,0.2651370174084826,5.26159662451403,0.6504601511289883
2.8628463011980325,0.10879666292678439,1.392038820905361,0.668811454047254
2.963602765939464,0.20950850405504584,4.278705332466521,0.7196279077618714
2.358783281673248,0.8200149134784841,5.093445622029417,0.8372109500170806
1.3782749223803812,0.7991120620500122,5.68983962905453,0.8357281419505729
0.6171018634165388,0.5779304817362466,4.226188958422016,0.5947764134896129
2.4205819814113356,0.5804134883469227,3.184178678447193,0.6744985145826629
1.851851049313093,0.6320293396370044,3.859944545126797,0.43144549469375637
1.5029772240421382,0.24029702289875968,5.265867913080822,0.6797372362513536
2.7565214012463137,0.8315295567399679,3.595414581177446,0.6649246998764928
0.6891134539959936,0.43501641991365847,0.5701675343022864,0.6253124841907838
1.680825271156234,0.40651082259959803,5.613312694839076,0.9458675302357122
0.4295194763952896,0.51513416422627,4.261349805776742,0.6597775380624007
1.6185176691847283,0.13757277342004404,4.18847496035258,0.7961256666574336
0.5463885167727771,0.23302669500486353,1.607780853427216,0.6756514057591458
0.708926582296987,0.6904268931410964,4.08975863330288,0.6399575799169798
0.7055682416204727,0.16623893434010117,2.6056406716632874,0.6289054924458842
2.0879467855017655,0.5825216875731106,4.0469046714323555,0.46362341521495626
2.3397166860901004,0.29627928774505674,0.996920969724748,0.7576627133433644
1.916758789252615,0.4114364912335813,4.083933705777001,0.582942136234072
2.901648626033809,0.3309549894165599,5.996716864315733,0.7958261338689815
1.3746635067616306,0.3845381731719594,0.6699874176191137,0.688181888120467
1.142851424332838,0.6752367241473964,5.872175431639377,0.8072757085607041
2.6583577332925965,0.33769737249854004,2.678684580048075,0.7727704526929225
0.9813491801505769,0.5531237122375178,5.276219321888651,0.8430937806847513
2.9043786025455893,0.4808403217592797,4.781358710726331,0.7474223848501954
0.4316016341935225,0.6309369322901185,3.5752910615253395,0.6604350178902795
2.9216849494398613,0.8494637914598064,4.535315571807429,0.6508967025789728
0.512215771071498,0.6860576777682003,5.319687143287548,0.7558896069737218
2.716972095614985,0.2719523028726054,2.6631858012457843,0.7373908671344687
1.7720228836243797,0.12494650804902774,2.231385704754137,0.5292370063754418
2.981708469910181,0.3098112354398601,4.138522959156075,0.6804487205567888
0.5918710683120371,0.5760623445602039,4.923937274871048,0.6965033208229908
1.8400211394434343,0.1411406507874003,4.6687967547490485,0.7339578393523437
2.920186592609657,0.49709299776098914,4.867756433608353,0.8137668604278027
1.760054394842387,0.5774742791335113,2.8392665629524245,0.7546994367003573
2.0364364591516826,0.3673951126535687,4.979871610580121,0.7251763454990205
2.2089465913600046,0.7167297629966576,1.073170710075407,0.6488049290318038
1.5818067683962105,0.18527860250701744,3.449138948580757,0.7653410939348972
2.031651008218565,0.16011022538864703,0.4322484987894808,0.8175118815782567
1.9192172110000607,0.6825510049628827,2.2176806474415134,0.8210886857629669
2.743010827276571,0.49639305296495884,2.452184595279828,0.7816272377443865
0.5181605888877905,0.6507219171421889,2.61856707301183,0.7758341966208502
1.1305042929397988,0.447861870882997,4.294616357463228,0.6661156145601242
2.8710698585990526,0.2971216265912855,2.575925367113936,0.7552538546502892
2.7146858381163823,0.7552818541393598,2.9126842866861713,0.8589493087738056
1.5847075572428535,0.7395327031751834,1.7302471328962339,0.7822338850319457
2.0123447542839954,0.6557571766835414,2.4902100331243044,0.8890134187968348
1.1211910757509451,0.31771610978397014,1.672709912673648,0.7103676011721289
0.8891150152817795,0.5721845334952697,0.8098971731032844,0.533294887360668
1.6056158528439535,0.38877911755202144,3.779312122935716,0.6472225543206739
1.3187157928677373,0.17326565866130733,4.141991671908091,0.7992433535153337
1.9175058908122673,0.8338508603697943,3.869145937653841,0.6118590696818285
0.6021100561089606,0.20945490473516915,2.995566645283205,0.7495748755232476
2.933426499932033,0.860189883056642,2.526800369003687,0.665250246484477
2.9641479356469675,0.45680461836636466,5.234668437602221,0.7769668009019676
